Strain,source,data,E_lm,B0_lm,E_ss,B0_ss,B0,E
K_Adamberg_Streptococcus_salivarius_growth,meta,,-0.8931116127270551,-11.029546692382773,1.0148181313050164,1.147509886376905e-5,-0.3228301487656315,1.0148181313050164
K_Adamberg_Lactococcus_lactis_growth,meta,,-0.7581096792893243,-10.325519080024327,0.6496974919510217,4.147429411766074e-5,0.6162023848771288,0.6496974919510217
K_Adamberg_Lactobacillus_acidophilus_growth,meta,,-0.3778003109192214,-10.189312291459572,0.5054008359299201,2.521201199679832e-5,0.252432026055207,0.5054008359299201
K_Adamberg_Lactobacillus_paracasei_growth,meta,,-0.8618932211588081,-11.438828416223226,0.9471658521496532,1.0961743236769825e-5,-0.3562785665697579,0.9471658521496532
Bowman_1998_C_demingiae,meta,,-0.726889721812957,-9.225732573912486,0.3643786909592785,6.46e-5,0.9400604548324136,0.3643786909592785
Bowman_1998_C_psychrerythraea,meta,,-0.42893895678548793,-9.5799180478907,0.3599435133514356,6.51e-5,0.9456952140526538,0.3599435133514356
Bowman_1998_C_psychrotropica,meta,,-0.4701428153155044,-9.288559672887143,0.4639628618639475,9.40816352260744e-5,1.2148128526438022,0.4639628618639475
 Bowman_Psychroflexus_torquis,meta,,-0.5257525969845237,-10.965538864965842,0.38546906226548894,1.5e-5,-0.12706354334182357,0.38546906226548894
Choma_B_cereus,meta,,-0.9172808484784479,-9.946197149386789,0.9626212264376128,4.9798560401105186e-5,0.74987917302117435,0.9626212264376128
corroler_1996_E_faecalis,meta,,-1.1909235172841093,-10.668967550123092,0.8318197511585778,3.4168619538505244e-5,0.47459330532539024,0.8318197511585778
Duffaud_1998_T_celer,meta,,-0.9437344030464946,-18.443058148521974,0.7466431419294292,8.66533418930781e-7,-2.210867380075338,0.7466431419294292
Ferreiria_1997_AG3a,meta,,-0.6876426513353864,-11.260197854392821,0.7086040805219945,1.231161090895836e-5,-0.2714068255039614,0.7086040805219945
Ferreiria_1997_Alt1,meta,,-0.4684002736748279,-10.541914718152528,0.4737618822977403,2.6155256030421036e-5,0.27927493647737073,0.4737618822977403
Flores_2008_Sulfurihydrogenibium_kristjanssoni,meta,,-0.654924448044085,-13.344526549412311,0.5397335136074115,3.096162459853838e-6,-1.2802220924380778,0.5397335136074115
Franzmann_1997_M_frigidum,meta,,-1.2882564286280844,-12.243521498950503,0.700761387460761,2.72e-6,-1.374886940844042,0.700761387460761
Hallberg_1994_T_Caldus,meta,,0,0,0.46474556726536415,1.1912224593815548e-5,-0.2955077005293704,0.46474556726536415
Harris_1984_FR4,meta,,-0.7031093444019302,-12.128455589582533,0.3420440079037252,2.6059531900241167e-5,0.2765953265382524,0.3420440079037252
Huber_1982_M_thermolithotrophicus,meta,,-0.6534456032575722,-11.98561992294724,0.5494500346743679,1.071975585390304e-5,-0.3725927234105678,0.5494500346743679
Kimble_1995_H_mobilis,meta,,0,0,1.3436255039798186,1.1068132973460523e-6,-2.032005657728944,1.3436255039798186
Kimble_1995_H_modesticaldum,meta,,-1.7273478746114899,-16.666989219683206,0.6306054039981384,3.639658482103766e-6,-1.1620284342801017,0.6306054039981384
Kotelnikova_1998_M_subterraneum,meta,,-0.34460099304157543,-11.111999187548355,0.427504125904908,1.4847726550554539e-5,-0.13452047013795132,0.427504125904908
lee_2001_PHS1,meta,,-0.8663664092152761,-11.07338197423107,0.5468432057202001,3.1515435967518704e-5,0.41552059609945824,0.5468432057202001
Li1994_m_C_themoalcaliphilum,meta,,-1.2975016923950458,-12.515957562642438,0.796687769851038,2.0732974054728854e-5,0.1094862578793254,0.796687769851038
Mannisto_2002_K104,meta,,-0.38098250297633185,-12.724868570326448,0.4505745707650648,2.8994843635776062e-6,-1.3281864891202606,0.4505745707650648
Mannisto_2002_K112,meta,,-0.7857956151095138,-13.025611739903479,0.6787795382015587,2.4134155545781067e-6,-1.462285452196449,0.6787795382015587
Mannisto_2002_K13,meta,,-0.7510203386196977,-13.415626201317055,0.6502831075754139,1.627228718542508e-6,-1.7503506520178287,0.6502831075754139
Mannisto_2002_k44,meta,,-0.910598316722296,-13.571457126963617,1.1656162939545038,1.58570140823001e-6,-1.7692436070662467,1.1656162939545038
Mannisto_2002_K6,meta,,-0.7155077663134313,-13.803092847826367,0.6658149925538989,1.1321712101071286e-6,-2.015450848971964,0.6658149925538989
Mannisto_2002_K8,meta,,-1.0601031040473492,-13.479238792780201,1.1940446760280012,1.7293905633858488e-6,-1.7058502452068258,1.1940446760280012
Mannisto_2002_MT1,meta,,-0.3727699961763929,-13.209785823913498,0.40413927749385176,1.8624038747675468e-6,-1.6516968781064365,0.40413927749385176
Melamud_et_al_2001_S_sibiricus,meta,,-0.6131397897131032,-11.945122854692261,0.6709084848536947,5.172842951214479e-6,-0.905119761135944,0.6709084848536947
Mickucki_2003,meta,,-1.013530062104207,-13.684827123975722,0.8516995821131976,1.6788131122727686e-6,-1.7275425883262123,0.8516995821131976
Mohr_1980_B_megaterium,meta,,-0.686200092417966,-9.860169582177518,0.9028093878353798,3.910523395189874e-5,0.5732171076271798,0.9028093878353798
Mohr_1980_B_subtilis,meta,,-0.9700004514156206,-10.607434543290065,0.8087855861045821,3.683568077750973e-5,0.529521571754149,0.8087855861045821
Mohr_1980_E_coli,meta,,-0.7050351746209267,-9.924391441035956,0.4426788561995569,8.877163177292688e-5,1.1723550623252406,0.4426788561995569
Mohr_1980_p_acruginosa,meta,,-0.49525174325854837,-9.662771164477277,0.3939596443990852,8.383578616997007e-5,1.1305466464514302,0.3939596443990852
Mohr_1980_P_fluorescens,meta,,-0.7395993830972685,-10.144729668180004,0.6539091549304662,4.6906325103913016e-5,0.7061513426627597,0.6539091549304662
Mohr_1980_S_marcescens,meta,,-0.7347235487880704,-9.694758309885588,0.5851156308168382,8.372018826847537e-5,1.1295382454124128,0.5851156308168382
Mohr_1980_v_marinus_ATCC15382,meta,,-1.255163675609854,-10.21727348040215,1.1284748298797525,4.087316219143352e-5,0.6055322354027092,1.1284748298797525
Nichols_1999_Gelidibacter_sp,meta,,-0.41468189176434894,-10.636848825140904,0.6335466870526718,2.495190499699327e-5,0.24485309991756332,0.6335466870526718
Nichols_1999_G_punicea,meta,,-0.8528666663175043,-11.320575781881239,1.1126311142081347,1.3516685491893708e-5,-0.20316089135475685,1.1126311142081347
Nichols_2000_2-5%_NaCl.JPG,meta,,-0.651706515038323,-9.572429475837225,0.6655909136206951,7.32937447890738e-5,1.032335001767705,0.6655909136206951
Nichols_2000_4%_NaCl.JPG,meta,,-0.48717723730784546,-9.989746694409327,0.4814928907933057,4.667428317424278e-5,0.7025270381659356,0.4814928907933057
Nichols_2002_L_monocytogenes,meta,,-0.8678748232999096,-10.444183980343022,0.7055101647733105,4.148797185576127e-5,0.6164433625828327,0.7055101647733105
Piette_2011_P_haloplanktis,meta,,-0.4803425170604459,-9.388520318108917,0.5067922092953446,8.520547261221836e-5,1.142390175419834,0.5067922092953446
Saiko_1996_R_obamensis,meta,,-0.40761830710817526,-11.99057732131043,0.34848514415355053,9.223555319190822e-6,-0.48245599104872416,0.34848514415355053
Shcherbakova_2009_P_muriicola,meta,,-2.3957375592055907,-26.535432817297423,1.2444624894281304,1.9002384281384337e-5,0.045786907093129325,1.2444624894281304
Stahl_1977_ft200,meta,,-0.9654780206467611,-11.38008680477204,0.6789262790240119,2.991433815043983e-5,0.377415724580947,0.6789262790240119
Stahl_1977_FtR32,meta,,-0.8296135470021675,-10.947358720784498,0.580488429519299,3.874103678013987e-5,0.5663788555138289,0.580488429519299
Stahl_1977_m100,meta,,-1.1076984624932888,-10.822803547109654,0.8299927405370188,3.18938008746562e-5,0.4242424068862029,0.8299927405370188
Takai_2005_D01,meta,,0,0,0.44866595226173334,9.517591122585337e-5,1.2232641170931569,0.44866595226173334
Nevot_P_antarctica,meta,,-0.5994457567939955,-9.911529367182405,0.5320620620092573,4.962154564783043e-5,0.7472767440551888,0.5320620620092573
I-2,meta,,-1.3351008856027924,-12.634121715383895,1.2417018621419906,4.002348031899607e-6,-1.0926064190707048,1.2417018621419906
III.1,meta,,-1.2447394160016654,-11.335108873646144,0.8786974064543333,2.1489404281892906e-5,0.13567507214719993,0.8786974064543333
III.2,meta,,-1.020070335316039,-11.396524941830208,0.9228801544585574,1.3456675312626652e-5,-0.20641276574781148,0.9228801544585574
IV.1,meta,,-1.2731006672587502,-11.33428361018475,1.0077573371883755,1.6267905798683765e-5,-0.06776151058166255,1.0077573371883755
IV.3,meta,,-1.1575805902658138,-11.648251715635494,1.133882244975998,1.29489477950325e-5,-0.2345208337271625,1.133882244975998
IV.4,meta,,-0.8047951293481855,-10.997914483964575,0.7417717876926976,1.9047709162619465e-5,0.04752800957963144,0.7417717876926976
IV.5,meta,,-0.9681889942226255,-11.318083208026918,0.9647486735325113,1.2367643452103472e-5,-0.26808824597770214,0.9647486735325113
VII,meta,,-1.2833890234909189,-11.974902219023289,0.8594392476277849,1.2453953610855609e-5,-0.26300574901596735,0.8594392476277849
VIII-2,meta,,-1.2155200853029624,-12.778476138337115,1.5154906108458197,2.0763496407505495e-6,-1.572224584797062,1.5154906108458197
VIII-3,meta,,-1.5325996121570784,-12.892046170085814,1.3773881974473883,3.523911123239156e-6,-1.185647493044883,1.3773881974473883
IX,meta,,-0.9798410480452543,-11.851404634985126,0.8683900451472711,8.078275555323354e-6,-0.5793502903245532,0.8683900451472711
X.1,meta,,-0.8789045697357332,-11.033258592868473,0.937405939328881,1.4520074695394252e-5,-0.15082853397269474,0.937405939328881
XI,meta,,-1.075910362919354,-10.923397926206029,1.029656627902816,1.9559154832820546e-5,0.06689238846865549,1.029656627902816
XIII,meta,,-0.9083382431012836,-11.862355514627515,0.9373269981489433,6.852078565235936e-6,-0.6996633083777816,0.9373269981489433
XVI-1.1,meta,,-1.2046034212044412,-12.206659310000667,1.0645611502212016,6.578430628768776e-6,-0.7294486778324023,1.0645611502212016
XVI-2,meta,,-1.4087701508347092,-12.045008828008312,1.275733089050716,7.055774309446239e-6,-0.6782543219455489,1.275733089050716
XVI-3,meta,,-1.2138039920412786,-12.246876448860071,1.8156164533057884,5.441681334684528e-6,-0.8680920546315329,1.8156164533057884
XVIII.1,meta,,-1.2258787623628145,-11.927703961069149,0.899716435849002,1.144985615353055e-5,-0.32443957415631886,0.899716435849002
XVIII.2,meta,,-1.1056471034812672,-11.740134284347246,1.0483227891566864,9.067547821642948e-6,-0.4949229143187398,1.0483227891566864
XXIV,meta,,-0.835838530455883,-10.58555220846598,0.7938938276790287,2.769775923926281e-5,0.32115217577496014,0.7938938276790287
XXV,meta,,-1.1816324893919232,-11.195781891861401,0.9223972742639073,2.1352424729152986e-5,0.13100167807424207,0.9223972742639073
Ungrouped.1,meta,,-1.234390044214652,-11.74955560934179,1.013261890860792,1.2294528906615686e-5,-0.27242152756535676,1.013261890860792
Ungrouped.3,meta,,-1.2637535494071968,-11.824918085658881,1.1725956079790507,8.195664198050957e-6,-0.5688068075447182,1.1725956079790507
Ungrouped.4,meta,,-0.9774711677080871,-12.213230192126362,0.9987139562021309,4.883045557725278e-6,-0.9472542258958224,0.9987139562021309
Ungrouped.5,meta,,-0.9774711677080871,-12.213230192126362,1.2106307698828145,4.415488541031507e-6,-1.0208121889532147,1.2106307698828145
Ungrouped.7,meta,,-1.0599220465867534,-11.743367247902983,0.8669663041846571,9.8109146806456e-6,-0.43733857791430164,0.8669663041846571
NCTC 418,meta,,-1.0599220465867534,-11.743367247902983,0.9309445155503603,2.5449074059635686e-5,0.25927167665277207,0.9309445155503603
LM1_2a,meta,,-0.9456868436293533,-10.615298038148575,0.796017006754756,4.088698262660796e-5,0.6057793072449711,0.796017006754756
LM1_2b,meta,,-0.9103685531039416,-10.431997525897172,0.7710558774577762,4.0061389896290724e-5,0.5908714240689664,0.7710558774577762
LM4b,meta,,-0.9838516949629965,-10.782335344416865,0.8858027016413158,3.593849422734242e-5,0.5115009134959883,0.8858027016413158
TS_Oscar2002,meta,,-1.0072596732991153,-11.222711059085961,0.7524228637786624,2.612353998201355e-5,0.2783881955956618,0.7524228637786624
EC_Daughtry1997,meta,,-0.8814134600373483,-10.333026912013674,1.3795656365655895,3.742882925955121e-5,0.5411959704632497,1.3795656365655895
EC_Ingraham1958,meta,,-1.1640120281349797,-10.716859260977929,1.329480511061568,2.1936244361223887e-5,0.15071564292142212,1.329480511061568
EC_Ratkowsky1991,meta,,-0.9082291653457283,-10.945142518348774,1.260888583463459,2.1141032636226156e-5,0.12373035507784218,1.260888583463459
CP_Beef,meta,,-1.1503937361949486,-11.138855727857488,0.9681250223829854,2.810895557684199e-5,0.3319221291470004,0.9681250223829854
CP_Chicken,meta,,-1.2660970838859038,-11.451541655587526,0.6139750020650132,6.260850698573931e-5,0.9171759616187283,0.6139750020650132
CP_Pork,meta,,-0.8464575746194997,-10.596524488237566,0.577850977004019,5.528913326652801e-5,0.826316348372315,0.577850977004019
ltk10_growth,meta,,-0.870088513102097,-12.350006942340459,0.6164598670727213,4.386234082715585e-6,-1.0256703193253158,0.6164598670727213
ak30_growth,meta,,-1.0229217737159675,-13.46067838162555,0.8024888725631624,2.377621834739217e-6,-1.4732056005367398,0.8024888725631624
Krist1998,meta,,-0.8412053979889811,-10.333954939699765,0.5939900889570102,5.1541908225189845e-5,0.7750262300118246,0.5939900889570102
LP_CNCM_I-4031,meta,,-1.2856457939402066,-9.518427092562245,0.7249514636984824,8.611605837644311e-5,1.1501590155149408,0.7249514636984824
Swarup_Tt_HB8,meta,,-0.601285076042523,-14.13887257300385,0.5824112838623453,8.325776368883033e-7,-2.2400815116247976,0.5824112838623453
Valik_2013_L_rhamnosus_GG,meta,,-0.7897678065798243,-10.805256959888753,0.6490135065648854,2.9613934679393947e-5,0.3700395950562202,0.6490135065648854
Van_Derlinden_E_coli,meta,,-1.1152032057809287,-10.547976904919542,0.8486651096301874,4.88666026001368e-5,0.7360725168422305,0.8486651096301874
Membre_Ecoli_Strain1,meta,,-1.055733820319816,-10.112883311788833,0.8330608855999659,7.081619168026925e-5,1.0072036978229963,0.8330608855999659
Membre_Ecoli_Strain2,meta,,-1.2869613037934235,-10.770388007166584,0.7800696783112389,5.736477583184171e-5,0.8532502107596615,0.7800696783112389
Membre_Ecoli_Strain4,meta,,-1.1882330470958182,-10.473144251461495,0.862486222672152,5.658604772501017e-5,0.8432612955666049,0.862486222672152
Membre_Ecoli_Strain6,meta,,-1.1803192240198122,-10.439190374003825,1.2271421196737873,4.4831221426750536e-5,0.6730831888022076,1.2271421196737873
Membre_Ecoli_Strain9,meta,,-1.1026377549042106,-10.16967605724906,0.8228468581084948,7.266124662139412e-5,1.0260008827158067,0.8228468581084948
Membre_Bcereus_Strain1,meta,,-1.0849253286748561,-10.13193056912246,0.7372521564732001,7.994111567816687e-5,1.095781574127149,0.7372521564732001
Membre_Bcereus_Strain2,meta,,-0.8167246153256817,-9.789842165996646,0.8925695538225126,7.734235816822875e-5,1.0716288915563439,0.8925695538225126
Membre_Bcereus_Strain3,meta,,-1.2096265251544382,-10.069851006905296,0.8746042664907211,7.015273479840199e-5,1.0003245332304223,0.8746042664907211
Membre_Bcereus_Strain6,meta,,-1.2105693071848045,-9.7190015773854,1.1744358908554902,7.02025929946899e-5,1.0008437525715161,1.1744358908554902
Membre_Lmonocytogenes_strain12or13,meta,,-0.9147682243810701,-10.102624214041489,0.7569594784302391,6.502331340532924e-5,0.9448338086861933,0.7569594784302391
Har_vallismortis,meta,,-0.35390046823590815,-10.102473705574656,0.3329870570079767,4.410713367930126e-5,0.6611829716971237,0.3329870570079767
Hbl_gomorrense,meta,,-0.34773326300380936,-10.005501221631176,0.38429082503951156,4.2532571567110704e-5,0.6346165027627533,0.38429082503951156
Hcc_morrhuae,meta,,-0.3290426912678903,-10.007937773455527,0.33920720100926693,4.433545592999096e-5,0.6649563550972725,0.33920720100926693
Hfx_volcanii(DS70),meta,,-0.3533004844256494,-9.953544720797971,0.40930763645889395,4.17157562665188e-5,0.6204448870823535,0.40930763645889395
Hgm_borinquense,meta,,-0.33850981770971145,-9.990581809630708,0.38700426087160433,4.1991671095023504e-5,0.6252627651307363,0.38700426087160433
Hrr_saccharovorum,meta,,-0.32764959350283196,-10.05187598754488,0.40536703532747476,3.7175091161476346e-5,0.5362246828733358,0.40536703532747476
Htg_turkmenica,meta,,-0.29569143420835114,-9.854445855904556,0.3303200236992016,4.846717988817186e-5,0.7300744020052569,0.3303200236992016
Nab_asiatica,meta,,-0.32908384578572064,-10.00041846275688,0.3855839778217711,4.109909831597003e-5,0.6095609179437701,0.3855839778217711
Nnm_pellirubrum,meta,,-0.29921088829493814,-9.978591969246109,0.3254304173176086,4.330387585349631e-5,0.6477508617578014,0.3254304173176086
Nbt_gregoryi,meta,,-0.3666279140566368,-10.11672115572968,0.409239099783522,3.756711550489579e-5,0.543891132495692,0.409239099783522
Ncc_occultus,meta,,-0.3830933267671081,-10.262380713609021,0.6083503407991951,2.5398035773660774e-5,0.2578045313161914,0.6083503407991951
Nmn_pharaonis,meta,,-0.4645785498923394,-10.421840035762175,0.5774531194596045,2.373180135488418e-5,0.20821379521678648,0.5774531194596045
Nrr_bangense,meta,,-0.4352558101645996,-10.398357049555763,0.508647559270572,2.6448471718768086e-5,0.28742232380075056,0.508647559270572
Knoblauch1999_LSv54_growth,meta,,-0.7322958126758164,-11.397650468160423,0.4161294831415823,7.67e-6,-0.6172521816870038,0.4161294831415823
TS,meta,,-0.5734506959228471,-10.40239063463016,0.5710891341502494,3.0377447384269853e-5,0.38864306831845713,0.5710891341502494
TS_ASW,meta,,-0.5366681313508151,-9.674404368932288,0.45604823736599776,5.82e-5,0.8638142089098563,0.45604823736599776
TS_04MNaCl,meta,,-0.5052534946549205,-9.992584053393557,0.4740041522225176,4.45e-5,0.6676636750229232,0.4740041522225176
Xylella,meta,,-2.0637046114168585,-13.579947057784127,1.3747733247077152,4.279651910969405e-6,-1.0436481247932594,1.3747733247077152
Erwinia,meta,,-1.0585373661775481,-10.423415834020554,0.702332097449568,4.5537860388486695e-5,0.6845127549278263,0.702332097449568
ACAM32,meta,,-1.0712377946935776,-14.197676832952757,1.1132121740189063,8.338203843257691e-7,-2.2389914591662317,1.1132121740189063
ACAM34,meta,,-0.8481602158724165,-13.96708650146938,0.894159590893876,9.563881333452825e-7,-2.1387619166859357,0.894159590893876
L_m_ScottA_Run1,meta,,-0.7424559986166541,-10.027742952915032,0.5970391961800997,5.983702475139933e-5,0.8840867421710639,0.5970391961800997
L_m_ScottA_Run2,meta,,-0.9999347640289707,-10.119768977195326,0.7122419828419561,6.421597207757193e-5,0.9357029532102672,0.7122419828419561
L_m_ScottA_Run3,meta,,-0.9912664882043181,-10.097540783684247,0.7042872735981647,6.447072102218919e-5,0.9385964466573795,0.7042872735981647
L_m_ScottA_Run4,meta,,-0.8707049688152233,-10.054312438511745,0.6807675969304013,6.368162022935381e-5,0.9295961959539976,0.6807675969304013
L_m_ScottA_Run5,meta,,-0.9189258890225115,-10.093936091527059,0.690044096186052,6.145003020879883e-5,0.9035264697675846,0.690044096186052
G_punicea_ACAM611,meta,,-0.5849299330501765,-10.401317150076267,0.5674062848732867,3.12e-5,0.40816896659730284,0.5674062848732867
G_sp_IC158,meta,,-0.4410708773209201,-10.260611101747678,0.8886593808680062,4.039769697864291e-5,0.5969809375331445,0.8886593808680062
S_gled_1percentSalt,meta,,-0.7271041729337361,-9.344038198357483,0.4282392741732895,6.41e-5,0.9343819130503992,0.4282392741732895
S_gled_2.5percentSalt,meta,,-0.6535816090569357,-9.162089829595116,0.6606532036363811,1.1000404725664112e-4,1.3290804242694063,0.6606532036363811
S_gled_5percentSalt,meta,,-0.4863360002762139,-9.595913657298455,0.48261691638807375,6.927792451297835e-5,0.9911537911058342,0.48261691638807375
A_hydrophila_3459,meta,,-0.7932371984068676,-9.264225714760949,0.6495774496582783,1.1341203138119025e-4,1.3513781212476428,0.6495774496582783
L_m_ScottA,meta,,-0.8873145231460738,-9.880474265931886,0.9867076185794988,5.871053570994812e-5,0.8701971144581864,0.9867076185794988
E_coli_M23,meta,,-0.9630606197866585,-9.79949703344725,0.7025231453396988,9.695437623625976e-5,1.236794344014686,0.7025231453396988
P_fluorescens_1412,meta,,-0.6530060645163371,-9.095491766918443,0.5559612194997373,1.2940896305899498e-4,1.4478105533412364,0.5559612194997373
K_oxytoca_NRRL_B-199,meta,,-0.9155705808239405,-9.406915705788416,0.6526576863661421,1.3192804911241285e-4,1.461900155049867,0.6526576863661421
P_putidia_1442,meta,,-0.6783497431068536,-8.948177043042428,0.6440733561431725,1.463051466729771e-4,1.5374950452899252,0.6440733561431725
S_thermophilus_K118-4,meta,,-0.9276967098471345,-10.551817395958324,1.0078819891610316,2.2480537980648214e-5,0.1686279313039313,1.0078819891610316
S_thermophilus_BC-29_run3,meta,,-0.8655165173313774,-10.566018414475607,0.92472943950176,2.3698439088298343e-5,0.2071856759996032,0.92472943950176
S_thermophilus_BC-29_run2,meta,,-0.8968139701836467,-10.319776036830923,0.8289316374446425,4.146165836628031e-5,0.6159796945147246,0.8289316374446425
S_thermophilus_BC-29_run1,meta,,-1.0031128223633654,-10.858414720047287,0.9463476650921765,2.43706736324844e-5,0.22762780938533442,0.9463476650921765
S_thermophilus_BC-14_run5,meta,,-1.1463871289071743,-11.357670245974363,1.0412673646557684,1.9157993806304706e-5,0.051747220523212165,1.0412673646557684
S_thermophilus_BC-14_run4,meta,,-0.8269331863678281,-10.485958600230079,0.8373880707002486,2.8151102449838383e-5,0.33301711484621965,0.8373880707002486
S_thermophilus_BC-14_run3,meta,,-0.7168484769548105,-9.734859853274328,0.6994897838378957,6.37909222927177e-5,0.9308494958450984,0.6994897838378957
S_thermophilus_BC-14_run2,meta,,-1.0086359578459825,-10.810291126214308,0.918362338494247,2.7354464137567893e-5,0.31203749304827566,0.918362338494247
S_thermophilus_BC-14_run1,meta,,-1.2093337899417265,-11.726366853586693,1.1182979210084767,1.3355479209292994e-5,-0.21192943975939696,1.1182979210084767
E_coli_ONT H8_R91,meta,,-0.9234779038465841,-9.984746248080722,0.650181760588142,8.786679720387868e-5,1.1648676633986186,0.650181760588142
E_coli_O126_H21,meta,,-0.9187166562196672,-9.888761785859735,0.6543320943662199,9.210424554874706e-5,1.1992888026794795,0.6543320943662199
E_coli_NT_R31,meta,,-0.9732406250939881,-10.104375796463598,0.6324877373779221,9.65049970094347e-5,1.2333991297994837,0.6324877373779221
E_coli_O81_H-_R106,meta,,-0.883133517609926,-9.911026705382323,0.6425138538389167,8.915070774563707e-5,1.1754692129731867,0.6425138538389167
E_coli_O88_H-_R171,meta,,-1.0029578422141499,-10.366431353817875,0.7927945250480541,5.8298256181782734e-5,0.8650469837013126,0.7927945250480541
E_coli_O88_H-_R172,meta,,-1.010475322355074,-10.392452957245567,0.9431287487662586,4.8211616566581804e-5,0.7262106300705428,0.9431287487662586
E_coli_O157_H-,meta,,-1.0310313459514964,-9.814402447848602,0.7561082678783672,1.1184896500177596e-4,1.3412357016272156,0.7561082678783672
E_coli_O157_H7,meta,,-1.055906211253827,-10.218628596573211,0.8967713436717714,5.935781695832222e-5,0.8782103342699793,0.8967713436717714
E_coli_O111_H-,meta,,-1.1226340751136563,-10.41368710366132,0.73464789007544,7.063599530585147e-5,1.0053416972927283,0.73464789007544
Y_enteroclitica_pH5.5,meta,,-0.9860070679045051,-12.834876647266798,1.1099712704023257,2.7369933665088043e-6,-1.3703352727552265,1.1099712704023257
Y_enteroclitica_pH6,meta,,-0.9730579029922244,-12.207564833786119,1.18764097108922,6.0867361573178545e-6,-0.7862222114981543,1.18764097108922
Krist1997_Ecoli_0.998_2mM_betaine,meta,,-0.814733185029379,-10.3748897873328,0.7363034231768512,3.7589138311654083e-5,0.5443194351237467,0.7363034231768512
Krist1997_Ecoli_0.998,meta,,-0.8776276809265245,-10.53481485965113,1.0242210367708091,2.7463130013423968e-5,0.3149349498226706,1.0242210367708091
Krist1997_Ecoli_0.977_2mM_betaine,meta,,-0.7143641077657091,-11.025616392377446,0.6340402707623979,1.9652481322807004e-5,0.07037122459485912,0.6340402707623979
Krist1997_Phalo_0.964_2mM_betaine,meta,,-1.0174184187994353,-11.193964183708465,0.6787317815330224,2.2647259946428923e-5,0.17402793229296543,0.6787317815330224
Krist1997_Phalo_0.892,meta,,-0.9073246584396238,-12.48867906965699,0.7868032975528916,4.694662187633509e-6,-0.9760070282144485,0.7868032975528916
Krist1997_Phalo_0.964,meta,,-1.0528479601464806,-11.247420816833413,0.9612534379556886,1.7664964842862614e-5,-0.007549530373017428,0.9612534379556886
Krist1997_Phalo_0.892_2mM_betaine,meta,,-0.9648623645052085,-11.917491731110768,0.7778565952239258,9.489427262815096e-6,-0.46168764528110184,0.7778565952239258
Krist1997_Helongata_0.950_2mM_betaine,meta,,-0.9554048940738322,-10.719643971598112,0.8933763434734773,2.6066467209092748e-5,0.2767897974274007,0.8933763434734773
Krist1997_Helongata_0.752,meta,,-0.8490357598961,-12.602625545048596,1.1511420985708678,2.5389723185211988e-6,-1.4252206470819417,1.1511420985708678
Krist1997_Helongata_0.950,meta,,-0.8750297365927716,-10.855788118778952,0.7766742933887353,2.3536704498662952e-5,0.20218092411825767,0.7766742933887353
Krist1997_Helongata_0.752_2mM_betaine,meta,,-0.8195059073787635,-11.469283878549218,1.452342442762219,1.0842571803927216e-5,-0.36426728695054433,1.452342442762219
Krist1997_Saureus_0.963,meta,,-1.5135914872731986,-11.103616146843535,1.9598278417561208,2.1189184051702237e-5,0.1253930092911455,1.9598278417561208
Krist1997_Saureus_0.997,meta,,-1.0461011333989887,-10.165887527179164,1.614996693321862,3.8140364440322454e-5,0.5549587960864147,1.614996693321862
Krist1997_Sxylosus_0.909,meta,,-1.236832616311161,-10.119710633379201,1.738123226974173,5.92041064071601e-5,0.8763153663143998,1.738123226974173
Krist1997_Sxylosus_0.949,meta,,-1.1152073140550556,-9.524269348808362,1.9980579382484351,1.3208531956569828e-4,1.4627708468502276,1.9980579382484351
Krist1997_Sxylosus_0.976,meta,,-1.1991456724800826,-9.391368218277636,1.4386917005779805,8.944463070470216e-5,1.1778747218696837,1.4386917005779805
Utkin_2004_growth,meta,,-2.069386039776522,-15.284192644069519,0.8086301039592099,3.549240889572478e-6,-1.1804131373495768,0.8086301039592099
Wahlund_1991_C_tepidum,meta,,-0.45499498348898976,-11.230987070111414,0.5250686570388517,1.0605210286722076e-5,-0.38044394611923865,0.5250686570388517
Warth_1978_B_megaterium,meta,,-0.355552129943353,-8.52487308846424,0.36423849631469807,1.955170781529365e-4,1.749400024647071,0.36423849631469807
Wiegel_1979_C_themosulphidum,meta,,-0.7567800240398646,-13.445004850093328,0.6487101174093857,2.6938748598128735e-6,-1.381940315790201,0.6487101174093857
Wiegel_1981_T_ethanolicus,meta,,-0.36167967297664066,-11.79625047563375,0.43986991774228035,5.288641842690109e-6,-0.8889400041195897,0.43986991774228035
Zhilina_2001_H_saccharophilum,meta,,-1.2293520915160034,-13.369227088657102,0.8532606550053735,4.556997642172381e-6,-0.997757951084665,0.8532606550053735
39667,meta,,-0.5734721452427594,-12.062133969607904,0.6111988805767731,5.755055982462997e-6,-0.8271726798222481,0.6111988805767731
39668,meta,,-0.46253775562163546,-11.814071402956758,0.42486708706346976,8.1465736988726e-6,-0.5731974736260987,0.42486708706346976
CT234,meta,,-0.9050634894572414,-12.071447113269254,0.834812260234196,5.9862453398232845e-6,-0.7983886946029273,0.834812260234196
CT261,meta,,-0.894258754885418,-13.175829267963689,0.7544787545101406,2.02059811788439e-6,-1.5921160283355167,0.7544787545101406
CT262,meta,,-1.1052662074445396,-13.798825657995744,2.2934983481984745,5.712296541606431e-7,-2.5154088458009585,2.2934983481984745
CT263,meta,,-0.8268571619619898,-13.159518148838288,0.8740887532201547,1.8470024507258978e-6,-1.657765668653685,0.8740887532201547
CT265,meta,,-0.7208412525882401,-13.08250555425382,0.7814151024700063,2.072748249901205e-6,-1.5734932875074037,0.7814151024700063
CT266,meta,,-0.6093146035054902,-13.238699373584206,0.8846852403800892,1.3822475880837969e-6,-1.8695975079467149,0.8846852403800892
CT267,meta,,-1.2300721130928585,-13.41855532872505,1.4594713319623938,1.3976155462378272e-6,-1.8615169683492023,1.4594713319623938
CT348,meta,,-0.7923647693771154,-12.920758120918366,0.8124524843777122,2.5382560706192137e-6,-1.4254268428982302,0.8124524843777122
CT405,meta,,0,0,0.5562152010744563,3.3775989947751254e-6,-1.2166391258841835,0.5562152010744563
CT433,meta,,0,0,1.6216705914355662,1.8850716281112431e-6,-1.6428555368103048,1.6216705914355662
CT437,meta,,0,0,0.37643167585084675,1.8241055224358365e-6,-1.666882184281463,0.37643167585084675
CT438,meta,,0,0,1.0419602143030524,1.123673235765013e-6,-2.0209570429098864,1.0419602143030524
CT439,meta,,-0.7185306729802575,-14.01665851295849,1.2411773500605674,7.101254783480455e-7,-2.356344598067726,1.2411773500605674
CT467,meta,,-1.4441737211613652,-13.488394089071658,1.274317204011536,2.0719303230774514e-6,-1.5737817350105405,1.274317204011536
04_RT_03,exp,,-1.1696581138459095,-2.609972814148429,0.603368958003279,0.14832866557429691,0.32009546726330834,0.603368958003279
04_04_02,exp,,-0.543590320016025,-2.502635681795826,1.5353653331726642,0.05579726286332964,-1.224303102817394,1.5353653331726642
04_04_04,exp,,-0.5312716061307662,-2.534422223074586,1.4563617574474426,0.06162524086031302,-1.0673735288226074,1.4563617574474426
10_RT_01,exp,,-1.1785336238535733,-3.406139598900977,1.7430067514151706,0.025128095095162062,-2.484422410627189,1.7430067514151706
10_RT_02,exp,,-1.3590614660594567,-2.944425209510309,2.166833588737293,0.03305298260505357,-2.0514100463417884,2.166833588737293
21_21_02,exp,,-0.5389000018105636,-1.9505032316403237,1.106738947188567,0.13331986687044903,0.15158329574835416,1.106738947188567
21_21_04,exp,,-0.9283671472802035,-1.8620870247232157,1.5184070991303429,0.147600954222235,0.3123266872416335,1.5184070991303429
21_21_06,exp,,-1.1143912337194837,-2.2699718707360343,0.9762360366081342,0.11894720690890861,-0.028605752137428837,0.9762360366081342
40_RT_01,exp,,-0.37317821384637373,-1.5248554597152608,0.4305408095589682,0.21539764367559444,0.9093792026009113,0.4305408095589682
40_RT_03,exp,,-0.7537329512725588,-1.808637760161031,0.7597307109202179,0.17407832702049963,0.5729520615096145,0.7597307109202179
40_RT_04,exp,,-0.7138602668937754,-1.9129706434024638,0.7555984453428157,0.16556525058351942,0.4937502101943564,0.7555984453428157
50_RT_01,exp,,-0.3809091822817529,-1.6272416349318344,0.33158170241819995,0.2137915032773807,0.8975564653727227,0.33158170241819995
50_RT_06,exp,,-0.6251934567125994,-1.9403591623411798,0.9154906148320868,0.17245663989977567,0.5581676374875366,0.9154906148320868
50_RT_04,exp,,-0.6251934567125994,-1.9403591623411798,1.537257980991402,0.07633982602063541,-0.7291412743296593,1.537257980991402
04_04_05,exp,,-0.7408928847682944,-1.5692715096267036,0.8762547773988459,0.20450655657605832,0.8274196339754752,0.8762547773988459
21_21_01,exp,,-0.6884915677519879,-1.7688489518586301,1.196685186351361,0.15088090287677489,0.34704413766140957,1.196685186351361
30_30_04,exp,,0,0,0.8119017564265625,0.19691689250464595,0.7676813410545557,0.8119017564265625
40_RT_05,exp,,-0.3285004461465558,-1.6645556376962232,0.24850759535271974,0.22493819166072995,0.9778394551380529,0.24850759535271974
40_40_03,exp,,-0.3285004461465558,-1.6645556376962232,0.7709440593566688,0.11124219351088416,-0.13439257797523244,0.7709440593566688
40_40_04,exp,,-0.494181081618216,-1.9078749420926657,0.4225972325369028,0.17528380882844768,0.5838530978033695,0.4225972325369028
